{
  "model_type": "KMeans",
  "n_clusters": 2,
  "features": [
    "open",
    "high",
    "low",
    "close",
    "volume",
    "volatility",
    "returns",
    "ma_10",
    "ma_50",
    "hour",
    "price_position",
    "volume_ma_ratio",
    "ma_spread",
    "volatility_percentile"
  ],
  "metrics": {
    "inertia": 38022.943310963354,
    "silhouette_score": 0.6725272963313921,
    "calinski_harabasz_score": 4203.286632093073,
    "n_clusters": 2
  },
  "cluster_analysis": {
    "0": {
      "size": 356,
      "symbol_distribution": {
        "BTCUSDT": 356
      },
      "features": {
        "open": {
          "mean": 47286.65814606742,
          "std": 10419.81575697412,
          "min": 21389.26,
          "max": 66684.98
        },
        "high": {
          "mean": 47587.27657303371,
          "std": 10425.155278400038,
          "min": 21860.05,
          "max": 67099.0
        },
        "low": {
          "mean": 46929.87974719101,
          "std": 10395.917232631424,
          "min": 21389.26,
          "max": 66645.18
        },
        "close": {
          "mean": 47245.901095505615,
          "std": 10391.086910183978,
          "min": 21719.22,
          "max": 66779.7
        },
        "volume": {
          "mean": 141723416.3511236,
          "std": 112084494.66341548,
          "min": 27261247,
          "max": 769150261
        },
        "volatility": {
          "mean": 455.4822085835876,
          "std": 327.4349143028688,
          "min": 82.04870401255418,
          "max": 2267.9065359872047
        },
        "returns": {
          "mean": -0.0006875338972170904,
          "std": 0.009329405200411008,
          "min": -0.0619486212118252,
          "max": 0.0297448489277392
        },
        "ma_10": {
          "mean": 47241.769343179345,
          "std": 10427.079378967184,
          "min": 21062.305,
          "max": 67280.542
        },
        "ma_50": {
          "mean": 47152.19408203584,
          "std": 10521.40576843636,
          "min": 19802.0224,
          "max": 67197.59700000001
        },
        "hour": {
          "mean": 11.23314606741573,
          "std": 6.695731008362768,
          "min": 0,
          "max": 23
        },
        "price_position": {
          "mean": 0.5015020940891621,
          "std": 0.2826048655137762,
          "min": 0.0008579984522374327,
          "max": 1.0
        },
        "volume_ma_ratio": {
          "mean": 4.005510646627146,
          "std": 1.9574721483620428,
          "min": 0.6216994413647253,
          "max": 8.979182767534734
        },
        "ma_spread": {
          "mean": 0.0029457934514869784,
          "std": 0.025947699911529794,
          "min": -0.10686933084725068,
          "max": 0.11419692739525805
        },
        "volatility_percentile": {
          "mean": 0.8666847451614443,
          "std": 0.09005052395991224,
          "min": 0.5768063145112325,
          "max": 1.0
        }
      }
    },
    "1": {
      "size": 4644,
      "symbol_distribution": {
        "ETHUSDT": 1720,
        "BNBUSDT": 1633,
        "BTCUSDT": 1291
      },
      "features": {
        "open": {
          "mean": 2655.8114028686973,
          "std": 4021.88928453579,
          "min": 1.5147,
          "max": 23501.99
        },
        "high": {
          "mean": 2672.226335141021,
          "std": 4047.882688393598,
          "min": 1.5147,
          "max": 23527.44
        },
        "low": {
          "mean": 2638.86458261542,
          "std": 3996.446770432513,
          "min": 1.4957,
          "max": 23153.79
        },
        "close": {
          "mean": 2656.681390976656,
          "std": 4024.5416208765323,
          "min": 1.5147,
          "max": 23315.39
        },
        "volume": {
          "mean": 16894390.39427218,
          "std": 35406006.709202416,
          "min": 0,
          "max": 627466527
        },
        "volatility": {
          "mean": 24.52923577359065,
          "std": 56.60278224320459,
          "min": 0.0084786972937174,
          "max": 853.0551980349567
        },
        "returns": {
          "mean": 0.00018419969516422956,
          "std": 0.011706450752745968,
          "min": -0.1093985344532845,
          "max": 0.1625000000000001
        },
        "ma_10": {
          "mean": 2654.131404902737,
          "std": 4018.1814561708984,
          "min": 1.51846,
          "max": 23564.624
        },
        "ma_50": {
          "mean": 2648.1958690559404,
          "std": 3999.5233924918616,
          "min": 1.555038,
          "max": 23300.6522
        },
        "hour": {
          "mean": 11.473729543496985,
          "std": 6.956586631901905,
          "min": 0,
          "max": 23
        },
        "price_position": {
          "mean": 0.5298860186069192,
          "std": 0.28399075623012976,
          "min": 0.0,
          "max": 1.0
        },
        "volume_ma_ratio": {
          "mean": 0.7713672400212751,
          "std": 1.2592986941315467,
          "min": 0.0,
          "max": 9.218973564100107
        },
        "ma_spread": {
          "mean": 0.002141495230532363,
          "std": 0.04791266615709851,
          "min": -0.9910731457186739,
          "max": 1.5608886971944507
        },
        "volatility_percentile": {
          "mean": 0.47221365863964815,
          "std": 0.2793548736825473,
          "min": 0.0005813953488372093,
          "max": 1.0
        }
      }
    }
  },
  "model_path": "E:\\Code on PC\\DoAnMLPython\\crypto-project\\models\\kmeans_crypto.joblib"
}